#{"t_start": 1767899839.2102244, "env_id": "CustomHalfCheetah-source-v0"}
r,l,t
1099.887249,1000,28.800212
1001.312358,1000,50.682547
1076.359832,1000,72.474046
