#{"t_start": 1767899839.207986, "env_id": "CustomHalfCheetah-source-v0"}
r,l,t
857.600122,1000,28.802454
1064.73386,1000,50.685163
1022.689468,1000,72.476285
