#{"t_start": 1767899839.2098706, "env_id": "CustomHalfCheetah-source-v0"}
r,l,t
1058.046139,1000,28.80057
827.999875,1000,50.683228
987.091449,1000,72.4744
