#{"t_start": 1767899839.215232, "env_id": "CustomHalfCheetah-source-v0"}
r,l,t
837.824301,1000,28.795257
1101.121166,1000,50.678676
1016.907237,1000,72.469066
