#{"t_start": 1769532926.2568839, "env_id": "CustomHopper-source-v0"}
r,l,t
6.23489,18,0.717017
3.516195,14,0.816996
