#{"t_start": 1767396254.7661572, "env_id": "CustomHopper-source-v0"}
r,l,t
1687.347036,500,3.350582
1663.297463,436,6.043988
